[{"model": "auth.permission", "pk": 1, "fields": {"name": "Can add log entry", "content_type": 1, "codename": "add_logentry"}}, {"model": "auth.permission", "pk": 2, "fields": {"name": "Can change log entry", "content_type": 1, "codename": "change_logentry"}}, {"model": "auth.permission", "pk": 3, "fields": {"name": "Can delete log entry", "content_type": 1, "codename": "delete_logentry"}}, {"model": "auth.permission", "pk": 4, "fields": {"name": "Can view log entry", "content_type": 1, "codename": "view_logentry"}}, {"model": "auth.permission", "pk": 5, "fields": {"name": "Can add permission", "content_type": 2, "codename": "add_permission"}}, {"model": "auth.permission", "pk": 6, "fields": {"name": "Can change permission", "content_type": 2, "codename": "change_permission"}}, {"model": "auth.permission", "pk": 7, "fields": {"name": "Can delete permission", "content_type": 2, "codename": "delete_permission"}}, {"model": "auth.permission", "pk": 8, "fields": {"name": "Can view permission", "content_type": 2, "codename": "view_permission"}}, {"model": "auth.permission", "pk": 9, "fields": {"name": "Can add group", "content_type": 3, "codename": "add_group"}}, {"model": "auth.permission", "pk": 10, "fields": {"name": "Can change group", "content_type": 3, "codename": "change_group"}}, {"model": "auth.permission", "pk": 11, "fields": {"name": "Can delete group", "content_type": 3, "codename": "delete_group"}}, {"model": "auth.permission", "pk": 12, "fields": {"name": "Can view group", "content_type": 3, "codename": "view_group"}}, {"model": "auth.permission", "pk": 13, "fields": {"name": "Can add content type", "content_type": 4, "codename": "add_contenttype"}}, {"model": "auth.permission", "pk": 14, "fields": {"name": "Can change content type", "content_type": 4, "codename": "change_contenttype"}}, {"model": "auth.permission", "pk": 15, "fields": {"name": "Can delete content type", "content_type": 4, "codename": "delete_contenttype"}}, {"model": "auth.permission", "pk": 16, "fields": {"name": "Can view content type", "content_type": 4, "codename": "view_contenttype"}}, {"model": "auth.permission", "pk": 17, "fields": {"name": "Can add session", "content_type": 5, "codename": "add_session"}}, {"model": "auth.permission", "pk": 18, "fields": {"name": "Can change session", "content_type": 5, "codename": "change_session"}}, {"model": "auth.permission", "pk": 19, "fields": {"name": "Can delete session", "content_type": 5, "codename": "delete_session"}}, {"model": "auth.permission", "pk": 20, "fields": {"name": "Can view session", "content_type": 5, "codename": "view_session"}}, {"model": "auth.permission", "pk": 21, "fields": {"name": "Can add product category", "content_type": 6, "codename": "add_productcategory"}}, {"model": "auth.permission", "pk": 22, "fields": {"name": "Can change product category", "content_type": 6, "codename": "change_productcategory"}}, {"model": "auth.permission", "pk": 23, "fields": {"name": "Can delete product category", "content_type": 6, "codename": "delete_productcategory"}}, {"model": "auth.permission", "pk": 24, "fields": {"name": "Can view product category", "content_type": 6, "codename": "view_productcategory"}}, {"model": "auth.permission", "pk": 25, "fields": {"name": "Can add product", "content_type": 7, "codename": "add_product"}}, {"model": "auth.permission", "pk": 26, "fields": {"name": "Can change product", "content_type": 7, "codename": "change_product"}}, {"model": "auth.permission", "pk": 27, "fields": {"name": "Can delete product", "content_type": 7, "codename": "delete_product"}}, {"model": "auth.permission", "pk": 28, "fields": {"name": "Can view product", "content_type": 7, "codename": "view_product"}}, {"model": "auth.permission", "pk": 29, "fields": {"name": "Can add user", "content_type": 8, "codename": "add_shopuser"}}, {"model": "auth.permission", "pk": 30, "fields": {"name": "Can change user", "content_type": 8, "codename": "change_shopuser"}}, {"model": "auth.permission", "pk": 31, "fields": {"name": "Can delete user", "content_type": 8, "codename": "delete_shopuser"}}, {"model": "auth.permission", "pk": 32, "fields": {"name": "Can view user", "content_type": 8, "codename": "view_shopuser"}}, {"model": "auth.permission", "pk": 33, "fields": {"name": "Can add shop user profile", "content_type": 9, "codename": "add_shopuserprofile"}}, {"model": "auth.permission", "pk": 34, "fields": {"name": "Can change shop user profile", "content_type": 9, "codename": "change_shopuserprofile"}}, {"model": "auth.permission", "pk": 35, "fields": {"name": "Can delete shop user profile", "content_type": 9, "codename": "delete_shopuserprofile"}}, {"model": "auth.permission", "pk": 36, "fields": {"name": "Can view shop user profile", "content_type": 9, "codename": "view_shopuserprofile"}}, {"model": "auth.permission", "pk": 37, "fields": {"name": "Can add basket", "content_type": 10, "codename": "add_basket"}}, {"model": "auth.permission", "pk": 38, "fields": {"name": "Can change basket", "content_type": 10, "codename": "change_basket"}}, {"model": "auth.permission", "pk": 39, "fields": {"name": "Can delete basket", "content_type": 10, "codename": "delete_basket"}}, {"model": "auth.permission", "pk": 40, "fields": {"name": "Can view basket", "content_type": 10, "codename": "view_basket"}}, {"model": "auth.permission", "pk": 41, "fields": {"name": "Can add association", "content_type": 11, "codename": "add_association"}}, {"model": "auth.permission", "pk": 42, "fields": {"name": "Can change association", "content_type": 11, "codename": "change_association"}}, {"model": "auth.permission", "pk": 43, "fields": {"name": "Can delete association", "content_type": 11, "codename": "delete_association"}}, {"model": "auth.permission", "pk": 44, "fields": {"name": "Can view association", "content_type": 11, "codename": "view_association"}}, {"model": "auth.permission", "pk": 45, "fields": {"name": "Can add code", "content_type": 12, "codename": "add_code"}}, {"model": "auth.permission", "pk": 46, "fields": {"name": "Can change code", "content_type": 12, "codename": "change_code"}}, {"model": "auth.permission", "pk": 47, "fields": {"name": "Can delete code", "content_type": 12, "codename": "delete_code"}}, {"model": "auth.permission", "pk": 48, "fields": {"name": "Can view code", "content_type": 12, "codename": "view_code"}}, {"model": "auth.permission", "pk": 49, "fields": {"name": "Can add nonce", "content_type": 13, "codename": "add_nonce"}}, {"model": "auth.permission", "pk": 50, "fields": {"name": "Can change nonce", "content_type": 13, "codename": "change_nonce"}}, {"model": "auth.permission", "pk": 51, "fields": {"name": "Can delete nonce", "content_type": 13, "codename": "delete_nonce"}}, {"model": "auth.permission", "pk": 52, "fields": {"name": "Can view nonce", "content_type": 13, "codename": "view_nonce"}}, {"model": "auth.permission", "pk": 53, "fields": {"name": "Can add user social auth", "content_type": 14, "codename": "add_usersocialauth"}}, {"model": "auth.permission", "pk": 54, "fields": {"name": "Can change user social auth", "content_type": 14, "codename": "change_usersocialauth"}}, {"model": "auth.permission", "pk": 55, "fields": {"name": "Can delete user social auth", "content_type": 14, "codename": "delete_usersocialauth"}}, {"model": "auth.permission", "pk": 56, "fields": {"name": "Can view user social auth", "content_type": 14, "codename": "view_usersocialauth"}}, {"model": "auth.permission", "pk": 57, "fields": {"name": "Can add partial", "content_type": 15, "codename": "add_partial"}}, {"model": "auth.permission", "pk": 58, "fields": {"name": "Can change partial", "content_type": 15, "codename": "change_partial"}}, {"model": "auth.permission", "pk": 59, "fields": {"name": "Can delete partial", "content_type": 15, "codename": "delete_partial"}}, {"model": "auth.permission", "pk": 60, "fields": {"name": "Can view partial", "content_type": 15, "codename": "view_partial"}}, {"model": "auth.permission", "pk": 61, "fields": {"name": "Can add \u0437\u0430\u043a\u0430\u0437", "content_type": 16, "codename": "add_order"}}, {"model": "auth.permission", "pk": 62, "fields": {"name": "Can change \u0437\u0430\u043a\u0430\u0437", "content_type": 16, "codename": "change_order"}}, {"model": "auth.permission", "pk": 63, "fields": {"name": "Can delete \u0437\u0430\u043a\u0430\u0437", "content_type": 16, "codename": "delete_order"}}, {"model": "auth.permission", "pk": 64, "fields": {"name": "Can view \u0437\u0430\u043a\u0430\u0437", "content_type": 16, "codename": "view_order"}}, {"model": "auth.permission", "pk": 65, "fields": {"name": "Can add order item", "content_type": 17, "codename": "add_orderitem"}}, {"model": "auth.permission", "pk": 66, "fields": {"name": "Can change order item", "content_type": 17, "codename": "change_orderitem"}}, {"model": "auth.permission", "pk": 67, "fields": {"name": "Can delete order item", "content_type": 17, "codename": "delete_orderitem"}}, {"model": "auth.permission", "pk": 68, "fields": {"name": "Can view order item", "content_type": 17, "codename": "view_orderitem"}}, {"model": "sessions.session", "pk": "hmneousr6nlpxy2no3zvrzmz3zhram93", "fields": {"session_data": "MzFmODc3ZTE2ZGEwMzI3MTc1OGI3OTE2ZWZjZDRmMDliOGU2OTQwNTp7fQ==", "expire_date": "2019-09-12T21:37:06.546Z"}}, {"model": "sessions.session", "pk": "q992rh1vhymvot5acamjn930t8au1wpp", "fields": {"session_data": "NWJmMzY3Zjc3ODBmYTNmYTEwYjVkNzExZjJiYjg1NGIxYmU4OWQ0NTp7Il9hdXRoX3VzZXJfaWQiOiIxMSIsIl9hdXRoX3VzZXJfYmFja2VuZCI6ImRqYW5nby5jb250cmliLmF1dGguYmFja2VuZHMuTW9kZWxCYWNrZW5kIiwiX2F1dGhfdXNlcl9oYXNoIjoiMWI0YzMxMjExMDRmMDQzZTFiOTQ4MzEzMzJjYzJhYjUzZjUzNzBjNiJ9", "expire_date": "2019-09-12T21:43:09.933Z"}}, {"model": "sessions.session", "pk": "qxf6tdmygm4igah5rozel2u057jstm4d", "fields": {"session_data": "ODgzZjFiZmE0Y2MzNTFkZmEyZjExODVkNDEwNWIwYTRmZTdiNzkxNDp7Il9hdXRoX3VzZXJfaWQiOiIxIiwiX2F1dGhfdXNlcl9iYWNrZW5kIjoiZGphbmdvLmNvbnRyaWIuYXV0aC5iYWNrZW5kcy5Nb2RlbEJhY2tlbmQiLCJfYXV0aF91c2VyX2hhc2giOiIzZjFkMDMyMjRkZDI5NzViNmNhOTZkZWU4OGZlMTk5NmE1MmNjMzA3In0=", "expire_date": "2019-09-12T21:21:11.973Z"}}, {"model": "mainapp.productcategory", "pk": 1, "fields": {"name": "\u0410\u043d\u0438\u043c\u044d", "description": "\u041b\u0443\u0447\u0448\u0435\u0435 \u0430\u043d\u0438\u043c\u044d", "is_active": true}}, {"model": "mainapp.productcategory", "pk": 2, "fields": {"name": "\u0424\u0438\u043b\u044c\u043c\u044b", "description": "\u0421\u0430\u043c\u044b\u0435 \u0438\u043d\u0442\u0435\u0440\u0435\u0441\u043d\u044b\u0435 \u0444\u0438\u043b\u044c\u043c\u044b", "is_active": true}}, {"model": "mainapp.productcategory", "pk": 3, "fields": {"name": "\u0421\u0435\u0440\u0438\u0430\u043b\u044b", "description": "\u0421\u0430\u043c\u044b\u0435 \u0437\u0430\u0445\u0432\u0430\u0442\u044b\u0432\u0430\u044e\u0449\u0438\u0435 \u0441\u0435\u0440\u0438\u0430\u043b\u044b", "is_active": true}}, {"model": "mainapp.productcategory", "pk": 4, "fields": {"name": "\u041c\u0443\u043b\u044c\u0442\u0441\u0435\u0440\u0438\u0430\u043b\u044b", "description": "\u0421\u0430\u043c\u044b\u0435 \u0432\u0435\u0441\u0435\u043b\u044b\u0435 \u043c\u0443\u043b\u044c\u0442\u0441\u0435\u0440\u0438\u0430\u043b\u044b", "is_active": true}}, {"model": "mainapp.product", "pk": 1, "fields": {"category": 3, "name": "Star trek. The Next Generation (TNG)", "image": "products_image/startrek.jpg", "short_desc": "\u0421\u0435\u0440\u0438\u0430\u043b \u0417\u0432\u0435\u0437\u0434\u043d\u044b\u0439 \u043f\u0443\u0442\u044c: \u0421\u043b\u0435\u0434\u0443\u044e\u0449\u0435\u0435 \u043f\u043e\u043a\u043e\u043b\u0435\u043d\u0438\u0435", "description": "\u0412 \u043c\u0438\u0440\u0435 Star Trek \u043f\u0440\u043e\u0448\u043b\u043e 80 \u043b\u0435\u0442. \u0421\u043c\u0435\u043d\u0438\u043b\u0441\u044f \u044d\u043a\u0438\u043f\u0430\u0436, \u0443\u0441\u043e\u0432\u0435\u0440\u0448\u0435\u043d\u0441\u0442\u0432\u043e\u0432\u0430\u043b\u0438\u0441\u044c \u0442\u0435\u0445\u043d\u043e\u043b\u043e\u0433\u0438\u0438, \u0441\u043c\u0435\u043d\u0438\u043b\u0441\u044f \u0434\u0430\u0436\u0435 \u042d\u043d\u0442\u0435\u0440\u043f\u0440\u0430\u0439\u0437. \u041e\u0441\u0442\u0430\u043b\u0438\u0441\u044c \u0442\u043e\u043b\u044c\u043a\u043e \u0437\u043d\u0430\u043a\u043e\u043c\u043e\u0435 \u0438 \u043f\u043e\u043b\u044e\u0431\u0438\u0432\u0448\u0438\u0435\u0441\u044f \u043d\u0430\u043c \u0438\u043c\u044f \u043a\u043e\u0440\u0430\u0431\u043b\u044f \u0438 \u043d\u0435 \u0438\u0437\u043c\u0435\u043d\u0438\u043b\u0438\u0441\u044c \u0446\u0435\u043b\u0438 \u0435\u0433\u043e \u043a\u043e\u043c\u0430\u043d\u0434\u044b \u2014 \u0421\u043c\u0435\u043b\u043e \u0438\u0434\u0442\u0438 \u0442\u0443\u0434\u0430, \u0433\u0434\u0435 \u043d\u0435 \u0441\u0442\u0443\u043f\u0430\u043b\u0430 \u043d\u043e\u0433\u0430 \u0447\u0435\u043b\u043e\u0432\u0435\u043a\u0430! \u041d\u0430 \u043c\u043e\u0441\u0442\u0438\u043a\u0435 \u2014 \u0421\u043b\u0435\u0434\u0443\u044e\u0449\u0435\u0435 \u041f\u043e\u043a\u043e\u043b\u0435\u043d\u0438\u0435\u2026", "price": "2380.00", "quantity": 46, "is_active": true}}, {"model": "mainapp.product", "pk": 2, "fields": {"category": 3, "name": "\u0410\u043d\u0434\u0440\u043e\u043c\u0435\u0434\u0430", "image": "products_image/andromeda.jpg", "short_desc": "\u0421\u0435\u0440\u0438\u0430\u043b \u0410\u043d\u0434\u0440\u043e\u043c\u0435\u0434\u0430", "description": "\u0412 9784 \u0433\u043e\u0434\u0443 \u043f\u043e \u043b\u0435\u0442\u043e\u0438\u0441\u0447\u0438\u0441\u043b\u0435\u043d\u0438\u044e \u0421\u043e\u0434\u0440\u0443\u0436\u0435\u0441\u0442\u0432\u0430, \u043d\u0438\u0446\u0448\u0435\u0430\u043d\u0446\u044b \u043f\u043e\u0434\u043d\u044f\u043b\u0438 \u0432\u043e\u0441\u0441\u0442\u0430\u043d\u0438\u0435 \u043f\u0440\u043e\u0442\u0438\u0432 \u0421\u043e\u0434\u0440\u0443\u0436\u0435\u0441\u0442\u0432\u0430 \u0421\u0438\u0441\u0442\u0435\u043c, \u0441\u0442\u0440\u0435\u043c\u044f\u0441\u044c \u0438\u0437\u0431\u0430\u0432\u0438\u0442\u044c\u0441\u044f \u043e\u0442 \u043a\u043e\u043d\u0442\u0440\u043e\u043b\u044f \u0438 \u0443\u0441\u0442\u0430\u043d\u043e\u0432\u0438\u0442\u044c \u0441\u043e\u0431\u0441\u0442\u0432\u0435\u043d\u043d\u044b\u0439 \u043f\u043e\u0440\u044f\u0434\u043e\u043a. \u041d\u0430\u0447\u0430\u043b\u0430\u0441\u044c \u0432\u043e\u0439\u043d\u0430, \u0438\u0441\u0445\u043e\u0434 \u043a\u043e\u0442\u043e\u0440\u043e\u0439 \u0434\u043e\u043b\u0436\u0435\u043d \u0431\u044b\u043b \u0438\u0437\u043c\u0435\u043d\u0438\u0442\u044c \u0432\u0435\u0441\u044c \u043c\u0438\u0440. \u0414\u0430\u0431\u044b \u043d\u0435 \u0434\u043e\u043f\u0443\u0441\u0442\u0438\u0442\u044c \u043f\u043e\u0431\u0435\u0434\u044b \u0432\u0440\u0430\u0433\u0430, \u043d\u0430 \u0432\u0441\u0442\u0440\u0435\u0447\u0443 \u0438\u0445 \u0444\u043b\u043e\u0442\u0443 \u0431\u044b\u043b \u043d\u0430\u043f\u0440\u0430\u0432\u043b\u0435\u043d \u043a\u0440\u0435\u0439\u0441\u0435\u0440 \u0417\u0432\u0451\u0437\u0434\u043d\u043e\u0439 \u0413\u0432\u0430\u0440\u0434\u0438\u0438 \u0421\u043e\u0434\u0440\u0443\u0436\u0435\u0441\u0442\u0432\u0430 \u00ab\u0421\u043e\u0437\u0432\u0435\u0437\u0434\u0438\u0435 \u0410\u043d\u0434\u0440\u043e\u043c\u0435\u0434\u044b\u00bb \u043f\u043e\u0434 \u043a\u043e\u043c\u0430\u043d\u0434\u043e\u0432\u0430\u043d\u0438\u0435\u043c \u043a\u0430\u043f\u0438\u0442\u0430\u043d\u0430 \u0414\u0438\u043b\u0430\u043d\u0430 \u0425\u0430\u043d\u0442\u0430.", "price": "1250.00", "quantity": 14, "is_active": true}}, {"model": "mainapp.product", "pk": 3, "fields": {"category": 2, "name": "\u0413\u0430\u0440\u0440\u0438 \u041f\u043e\u0442\u0442\u0435\u0440", "image": "products_image/hp.jpg", "short_desc": "\u0421\u0435\u0440\u0438\u044f \u0444\u0438\u043b\u044c\u043c\u043e\u0432 \u043f\u0440\u043e \u0413\u0430\u0440\u0440\u0438 \u041f\u043e\u0442\u0442\u0435\u0440\u0430", "description": "\u041f\u043e\u043b\u043d\u0430\u044f \u041a\u043e\u043b\u043b\u0435\u043a\u0446\u0438\u044f (8 DVD)", "price": "903.40", "quantity": 25, "is_active": true}}, {"model": "mainapp.product", "pk": 4, "fields": {"category": 2, "name": "\u0424\u0430\u043d\u0442\u0430\u0441\u0442\u0438\u0447\u0435\u0441\u043a\u0438\u0435 \u0442\u0432\u0430\u0440\u0438 \u0438 \u0433\u0434\u0435 \u043e\u043d\u0438 \u043e\u0431\u0438\u0442\u0430\u044e\u0442", "image": "products_image/ft.jpg", "short_desc": "\u0424\u0438\u043b\u044c\u043c \u0424\u0430\u043d\u0442\u0430\u0441\u0442\u0438\u0447\u0435\u0441\u043a\u0438\u0435 \u0442\u0432\u0430\u0440\u0438 \u0438 \u0433\u0434\u0435 \u043e\u043d\u0438 \u043e\u0431\u0438\u0442\u0430\u044e\u0442", "description": "\u0424\u0438\u043b\u044c\u043c \u0438\u0437 \u0441\u0435\u0440\u0438\u0438 \u043e \u043f\u0440\u0438\u043a\u043b\u044e\u0447\u0435\u043d\u0438\u044f\u0445 \u041d\u044c\u044e\u0442\u0430 \u0421\u0430\u043b\u0430\u043c\u0430\u043d\u0434\u0435\u0440\u0430. \u042d\u043a\u0440\u0430\u043d\u0438\u0437\u0430\u0446\u0438\u044f \u043a\u043d\u0438\u0433\u0438 \u0414\u0436\u043e\u0430\u043d \u0420\u043e\u0443\u043b\u0438\u043d\u0433, \u043e\u043d\u0430 \u0436\u0435 \u0438 \u044f\u0432\u043b\u044f\u0435\u0442\u0441\u044f \u0441\u0446\u0435\u043d\u0430\u0440\u0438\u0441\u0442\u043e\u043c \u0444\u0438\u043b\u044c\u043c\u0430.", "price": "569.00", "quantity": 3, "is_active": true}}, {"model": "mainapp.product", "pk": 5, "fields": {"category": 4, "name": "\u041c\u0443\u043b\u0430\u043d", "image": "products_image/mulan.jpg", "short_desc": "\u041c\u0443\u043b\u044c\u0442\u0444\u0438\u043b\u044c\u043c \u041c\u0443\u043b\u0430\u043d", "description": "\u0418\u0441\u0442\u043e\u0440\u0438\u044f \u043e \u0431\u0435\u0441\u0441\u0442\u0440\u0430\u0448\u043d\u043e\u0439 \u043c\u043e\u043b\u043e\u0434\u043e\u0439 \u0434\u0435\u0432\u0443\u0448\u043a\u0435, \u043a\u043e\u0442\u043e\u0440\u0430\u044f \u0432\u044b\u0434\u0430\u0451\u0442 \u0441\u0435\u0431\u044f \u0437\u0430 \u043c\u0443\u0436\u0447\u0438\u043d\u0443, \u0447\u0442\u043e\u0431\u044b \u0432\u0441\u0442\u0443\u043f\u0438\u0442\u044c \u0432 \u0440\u044f\u0434\u044b \u0430\u0440\u043c\u0438\u0438, \u043f\u0440\u043e\u0442\u0438\u0432\u043e\u0441\u0442\u043e\u044f\u0449\u0435\u0439 \u0421\u0435\u0432\u0435\u0440\u043d\u044b\u043c \u0437\u0430\u0445\u0432\u0430\u0442\u0447\u0438\u043a\u0430\u043c, \u043d\u0430\u0434\u0432\u0438\u0433\u0430\u044e\u0449\u0438\u043c\u0441\u044f \u043d\u0430 \u041a\u0438\u0442\u0430\u0439. \u0421\u0442\u0430\u0440\u0448\u0430\u044f \u0434\u043e\u0447\u044c \u0445\u0440\u0430\u0431\u0440\u043e\u0433\u043e \u0432\u043e\u0438\u043d\u0430 \u0425\u0443\u0430, \u041c\u0443\u043b\u0430\u043d \u2014 \u044d\u043d\u0435\u0440\u0433\u0438\u0447\u043d\u0430\u044f \u0438 \u0440\u0435\u0448\u0438\u0442\u0435\u043b\u044c\u043d\u0430\u044f \u0434\u0435\u0432\u0443\u0448\u043a\u0430. \u041a\u043e\u0433\u0434\u0430 \u0418\u043c\u043f\u0435\u0440\u0430\u0442\u043e\u0440 \u0438\u0437\u0434\u0430\u0451\u0442 \u0443\u043a\u0430\u0437 \u043e \u0442\u043e\u043c, \u0447\u0442\u043e \u043e\u0434\u0438\u043d \u043c\u0443\u0436\u0447\u0438\u043d\u0430 \u0438\u0437 \u043a\u0430\u0436\u0434\u043e\u0439 \u0441\u0435\u043c\u044c\u0438 \u0434\u043e\u043b\u0436\u0435\u043d \u0432\u0441\u0442\u0443\u043f\u0438\u0442\u044c \u0432 \u0440\u044f\u0434\u044b \u0418\u043c\u043f\u0435\u0440\u0441\u043a\u043e\u0439 \u0430\u0440\u043c\u0438\u0438, \u041c\u0443\u043b\u0430\u043d \u0437\u0430\u043d\u0438\u043c\u0430\u0435\u0442 \u043c\u0435\u0441\u0442\u043e \u0441\u0432\u043e\u0435\u0433\u043e \u0431\u043e\u043b\u044c\u043d\u043e\u0433\u043e \u043e\u0442\u0446\u0430, \u0435\u0449\u0435 \u043d\u0435 \u0437\u043d\u0430\u044f, \u0447\u0442\u043e \u0435\u0439 \u043f\u0440\u0435\u0434\u0441\u0442\u043e\u0438\u0442 \u043f\u0440\u043e\u0441\u043b\u0430\u0432\u0438\u0442\u044c\u0441\u044f \u043a\u0430\u043a \u043e\u0434\u043d\u043e\u043c\u0443 \u0438\u0437 \u0432\u0435\u043b\u0438\u0447\u0430\u0439\u0448\u0438\u0445 \u0432\u043e\u0438\u043d\u043e\u0432 \u0432 \u0438\u0441\u0442\u043e\u0440\u0438\u0438 \u041a\u0438\u0442\u0430\u044f.", "price": "542.00", "quantity": 1, "is_active": true}}, {"model": "mainapp.product", "pk": 6, "fields": {"category": 4, "name": "\u0412\u0438\u043d\u043d\u0438-\u041f\u0443\u0445", "image": "products_image/vinni.jpg", "short_desc": "\u041c\u0443\u043b\u044c\u0442\u0441\u0435\u0440\u0438\u0430\u043b \u0412\u0438\u043d\u043d\u0438-\u041f\u0443\u0445", "description": "\u041a\u043e\u0433\u0434\u0430 \u041e\u0441\u043b\u0438\u043a \u0423\u0448\u0430\u0441\u0442\u0438\u043a \u0442\u0435\u0440\u044f\u0435\u0442 \u0441\u0432\u043e\u0439 \u0445\u0432\u043e\u0441\u0442, \u0424\u0438\u043b\u0438\u043d \u043e\u0442\u043f\u0440\u0430\u0432\u043b\u044f\u0435\u0442 \u0434\u0440\u0443\u0437\u0435\u0439 (\u0412\u0438\u043d\u043d\u0438, \u0422\u0438\u0433\u0440\u0443\u043b\u044e, \u041a\u0440\u043e\u043b\u0438\u043a\u0430, \u0425\u0440\u044e\u043d\u044e, \u041a\u0435\u043d\u0433\u0443 \u0438 \u041a\u0440\u043e\u0448\u043a\u0443 \u0420\u0443) \u043f\u043e\u043c\u043e\u0447\u044c \u0431\u0435\u0434\u043e\u043b\u0430\u0433\u0435 \u043d\u0430\u0439\u0442\u0438 \u043f\u0440\u043e\u043f\u0430\u0436\u0443, \u0430 \u0437\u0430\u043e\u0434\u043d\u043e \u2014 \u0441\u043f\u0430\u0441\u0442\u0438 \u041a\u0440\u0438\u0441\u0442\u043e\u0444\u0435\u0440\u0430 \u0420\u043e\u0431\u0438\u043d\u0430 \u043e\u0442 \u0442\u0430\u0438\u043d\u0441\u0442\u0432\u0435\u043d\u043d\u043e\u0433\u043e \u042f\u0441\u043a\u043e\u0440\u0440\u0430. \u0410 \u0432\u0435\u0434\u044c \u043c\u0435\u0434\u0432\u0435\u0436\u043e\u043d\u043e\u043a \u0412\u0438\u043d\u043d\u0438, \u0441\u043e\u0431\u0438\u0440\u0430\u043b\u0441\u044f \u0432\u0441\u0435\u0433\u043e \u043b\u0438\u0448\u044c \u043e\u0442\u044b\u0441\u043a\u0430\u0442\u044c \u0433\u0434\u0435-\u043d\u0438\u0431\u0443\u0434\u044c \u043d\u0435\u043c\u043d\u043e\u0433\u043e \u043c\u0451\u0434\u0430, \u0447\u0442\u043e\u0431\u044b \u0441\u043b\u0435\u0433\u043a\u0430 \u043f\u043e\u0434\u043a\u0440\u0435\u043f\u0438\u0442\u044c\u0441\u044f, \u0438 \u0434\u0430\u0436\u0435 \u043d\u0435 \u043f\u0440\u0435\u0434\u043f\u043e\u043b\u0430\u0433\u0430\u043b, \u0447\u0442\u043e \u0435\u0433\u043e \u0436\u0434\u0451\u0442 \u0442\u0430\u043a\u043e\u0439 \u0441\u0443\u043c\u0430\u0442\u043e\u0448\u043d\u044b\u0439 \u0434\u0435\u043d\u044c!", "price": "978.00", "quantity": 9, "is_active": true}}, {"model": "mainapp.product", "pk": 7, "fields": {"category": 1, "name": "\u0425\u043e\u0434\u044f\u0447\u0438\u0439 \u0437\u0430\u043c\u043e\u043a", "image": "products_image/Hauru.jpg", "short_desc": "\u0410\u043d\u0438\u043c\u044d \u0425\u043e\u0434\u044f\u0447\u0438\u0439 \u0437\u0430\u043c\u043e\u043a", "description": "\u041f\u043e\u043b\u043d\u043e\u043c\u0435\u0442\u0440\u0430\u0436\u043d\u044b\u0439 \u0430\u043d\u0438\u043c\u0435-\u0444\u0438\u043b\u044c\u043c, \u0432\u044b\u043f\u0443\u0449\u0435\u043d\u043d\u044b\u0439 \u0441\u0442\u0443\u0434\u0438\u0435\u0439 \u00abGhibli\u00bb \u0432 2004 \u0433\u043e\u0434\u0443. \u0421\u043e\u0437\u0434\u0430\u043d \u044f\u043f\u043e\u043d\u0441\u043a\u0438\u043c \u0440\u0435\u0436\u0438\u0441\u0441\u0451\u0440\u043e\u043c \u0425\u0430\u044f\u043e \u041c\u0438\u044f\u0434\u0437\u0430\u043a\u0438 \u043f\u043e \u043c\u043e\u0442\u0438\u0432\u0430\u043c \u043e\u0434\u043d\u043e\u0438\u043c\u0451\u043d\u043d\u043e\u0433\u043e \u0441\u043a\u0430\u0437\u043e\u0447\u043d\u043e\u0433\u043e \u0440\u043e\u043c\u0430\u043d\u0430 \u0430\u043d\u0433\u043b\u0438\u0439\u0441\u043a\u043e\u0439 \u043f\u0438\u0441\u0430\u0442\u0435\u043b\u044c\u043d\u0438\u0446\u044b \u0414\u0438\u0430\u043d\u044b \u0423\u0438\u043d\u043d \u0414\u0436\u043e\u043d\u0441. \u0411\u044b\u043b \u043d\u043e\u043c\u0438\u043d\u0438\u0440\u043e\u0432\u0430\u043d \u043d\u0430 78-\u044e \u043f\u0440\u0435\u043c\u0438\u044e \u00ab\u041e\u0441\u043a\u0430\u0440\u00bb (2006) \u0437\u0430 \u00ab\u043b\u0443\u0447\u0448\u0438\u0439 \u0430\u043d\u0438\u043c\u0430\u0446\u0438\u043e\u043d\u043d\u044b\u0439 \u043f\u043e\u043b\u043d\u043e\u043c\u0435\u0442\u0440\u0430\u0436\u043d\u044b\u0439 \u0444\u0438\u043b\u044c\u043c\u00bb, \u043d\u043e \u0443\u0441\u0442\u0443\u043f\u0438\u043b \u043c\u0443\u043b\u044c\u0442\u0444\u0438\u043b\u044c\u043c\u0443 \u00ab\u0423\u043e\u043b\u043b\u0435\u0441 \u0438 \u0413\u0440\u043e\u043c\u0438\u0442: \u041f\u0440\u043e\u043a\u043b\u044f\u0442\u0438\u0435 \u043a\u0440\u043e\u043b\u0438\u043a\u0430-\u043e\u0431\u043e\u0440\u043e\u0442\u043d\u044f\u00bb. \u041f\u043e \u0441\u043b\u043e\u0432\u0430\u043c \u041c\u0438\u044f\u0434\u0437\u0430\u043a\u0438, \u043f\u0440\u043e\u043e\u0431\u0440\u0430\u0437 \u0437\u0430\u043c\u043a\u0430 \u0425\u0430\u0443\u043b\u0430 \u2014 \u0440\u0443\u0441\u0441\u043a\u0430\u044f \u0438\u0437\u0431\u0443\u0448\u043a\u0430 \u043d\u0430 \u043a\u0443\u0440\u044c\u0438\u0445 \u043d\u043e\u0436\u043a\u0430\u0445.", "price": "1978.00", "quantity": 18, "is_active": true}}, {"model": "mainapp.product", "pk": 8, "fields": {"category": 1, "name": "\u0423\u043d\u0435\u0441\u0451\u043d\u043d\u044b\u0435 \u043f\u0440\u0438\u0437\u0440\u0430\u043a\u0430\u043c\u0438", "image": "products_image/sentochihironokamikakushi_19.jpg", "short_desc": "\u0410\u043d\u0438\u043c\u044d \u0423\u043d\u0435\u0441\u0451\u043d\u043d\u044b\u0435 \u043f\u0440\u0438\u0437\u0440\u0430\u043a\u0430\u043c\u0438", "description": "\u0421\u044e\u0436\u0435\u0442 \u0444\u0438\u043b\u044c\u043c\u0430 \u043f\u043e\u0432\u0435\u0441\u0442\u0432\u0443\u0435\u0442 \u043e 10-\u043b\u0435\u0442\u043d\u0435\u0439 \u0434\u0435\u0432\u043e\u0447\u043a\u0435 \u043f\u043e \u0438\u043c\u0435\u043d\u0438 \u0422\u0438\u0445\u0438\u0440\u043e \u041e\u0433\u0438\u043d\u043e, \u043a\u043e\u0442\u043e\u0440\u0430\u044f \u043f\u0435\u0440\u0435\u0435\u0437\u0436\u0430\u0435\u0442 \u0432 \u043d\u043e\u0432\u044b\u0439 \u0434\u043e\u043c. \u041d\u043e \u0432\u044b\u0445\u043e\u0434\u0438\u0442 \u0442\u0430\u043a, \u0447\u0442\u043e \u043e\u043d\u0430 \u043f\u043e\u043f\u0430\u0434\u0430\u0435\u0442 \u0432 \u0434\u0440\u0443\u0433\u043e\u0439 \u043c\u0438\u0440, \u043d\u0430\u0441\u0435\u043b\u0451\u043d\u043d\u044b\u0439 \u043f\u0440\u0438\u0437\u0440\u0430\u043a\u0430\u043c\u0438 \u0438 \u043c\u043e\u043d\u0441\u0442\u0440\u0430\u043c\u0438. \u041f\u043e\u0441\u043b\u0435 \u0442\u043e\u0433\u043e \u043a\u0430\u043a \u0435\u0451 \u0440\u043e\u0434\u0438\u0442\u0435\u043b\u0435\u0439 \u043f\u0440\u0435\u0432\u0440\u0430\u0449\u0430\u0435\u0442 \u0432 \u0441\u0432\u0438\u043d\u0435\u0439 \u0432\u0435\u0434\u044c\u043c\u0430 \u042e\u0431\u0430\u0431\u0430, \u0422\u0438\u0445\u0438\u0440\u043e \u0438\u0434\u0451\u0442 \u043d\u0430 \u0440\u0430\u0431\u043e\u0442\u0443 \u0432 \u0431\u0430\u043d\u044e \u042e\u0431\u0430\u0431\u044b, \u0447\u0442\u043e\u0431\u044b \u043d\u0430\u0439\u0442\u0438 \u0441\u043f\u043e\u0441\u043e\u0431 \u043e\u0441\u0432\u043e\u0431\u043e\u0434\u0438\u0442\u044c \u0441\u0435\u0431\u044f \u0438 \u0441\u0432\u043e\u0438\u0445 \u0440\u043e\u0434\u0438\u0442\u0435\u043b\u0435\u0439, \u0430 \u0442\u0430\u043a\u0436\u0435 \u0432\u0435\u0440\u043d\u0443\u0442\u044c\u0441\u044f \u0432 \u0447\u0435\u043b\u043e\u0432\u0435\u0447\u0435\u0441\u043a\u0438\u0439 \u043c\u0438\u0440.", "price": "1998.00", "quantity": 21, "is_active": true}}, {"model": "authapp.shopuser", "pk": 1, "fields": {"password": "pbkdf2_sha256$150000$8HzEhNGf9TXQ$WmEMbaduDjG6Gu9XwmvDsqIe90q7HaD3hmUTC2UM5Aw=", "last_login": "2019-08-29T21:40:45.252Z", "is_superuser": true, "username": "django", "first_name": "", "last_name": "", "email": "", "is_staff": true, "is_active": true, "date_joined": "2019-08-28T11:56:32.153Z", "avatar": "", "age": 22, "genre": "", "activation_key": "", "activation_key_expires": "2019-08-30T11:56:31.988Z", "groups": [], "user_permissions": []}}, {"model": "authapp.shopuser", "pk": 2, "fields": {"password": "!tej4oyrKbCLt7fYwf6hgnmvAnHazeDcGMX5gEwTb", "last_login": "2019-08-28T11:57:45.774Z", "is_superuser": false, "username": "alyonkazz", "first_name": "\u0412\u0435\u0442\u0440\u043e\u0432\u0430", "last_name": "\u0410\u043b\u0435\u043d\u0430", "email": "alyonkazz@gmail.com", "is_staff": false, "is_active": false, "date_joined": "2019-08-28T11:57:45.507Z", "avatar": "", "age": 31, "genre": "", "activation_key": "", "activation_key_expires": "2019-08-30T11:57:36.805Z", "groups": [], "user_permissions": []}}, {"model": "authapp.shopuser", "pk": 3, "fields": {"password": "pbkdf2_sha256$150000$8YS3pkls7jce$x5OGZp9oLFM+91dKeRg8SLRu9zuKiV1uRotE/wSEnWA=", "last_login": null, "is_superuser": false, "username": "user1", "first_name": "user1", "last_name": "", "email": "we@edf.df", "is_staff": false, "is_active": false, "date_joined": "2019-08-29T19:39:04.862Z", "avatar": "", "age": 18, "genre": "", "activation_key": "c8d02205eeb24ead18f15144911455be9fdfd879", "activation_key_expires": "2019-08-31T19:38:56.520Z", "groups": [], "user_permissions": []}}, {"model": "authapp.shopuser", "pk": 4, "fields": {"password": "pbkdf2_sha256$150000$aXDbnso3jNb0$kdKhSS0pSdxEn9KjTcZ5od4fs/a5jCaeoeC7UPS6TBQ=", "last_login": null, "is_superuser": false, "username": "user2", "first_name": "df", "last_name": "", "email": "alyonkazz@gmail.com", "is_staff": false, "is_active": false, "date_joined": "2019-08-29T19:40:40.527Z", "avatar": "", "age": 18, "genre": "", "activation_key": "b6d813bbcd66694ba0d6375261e8c4cfb3a7317c", "activation_key_expires": "2019-08-31T19:38:56.520Z", "groups": [], "user_permissions": []}}, {"model": "authapp.shopuser", "pk": 5, "fields": {"password": "pbkdf2_sha256$150000$8xTo2MdxF4oj$X4sVkpuh9RLL7plHUBHW3/JuEOA9XtCEnWA+lmLfm+8=", "last_login": null, "is_superuser": false, "username": "q2", "first_name": "q", "last_name": "", "email": "", "is_staff": false, "is_active": false, "date_joined": "2019-08-29T19:55:41.270Z", "avatar": "", "age": 18, "genre": "", "activation_key": "0b20e52af42ecd2545e60988831796b62a3e1324", "activation_key_expires": "2019-08-31T19:54:18.760Z", "groups": [], "user_permissions": []}}, {"model": "authapp.shopuser", "pk": 6, "fields": {"password": "pbkdf2_sha256$150000$WKDm7A0gghmE$Dog0YLlXd8vR0BtuHbbuRUvnzlyEs9X7SE+p/iTUv/0=", "last_login": null, "is_superuser": false, "username": "q3", "first_name": "q", "last_name": "", "email": "", "is_staff": false, "is_active": false, "date_joined": "2019-08-29T19:57:45.834Z", "avatar": "", "age": 18, "genre": "", "activation_key": "fab2842f7182823de717b118b01ef2c0aaedd40c", "activation_key_expires": "2019-08-31T19:57:16.398Z", "groups": [], "user_permissions": []}}, {"model": "authapp.shopuser", "pk": 7, "fields": {"password": "pbkdf2_sha256$150000$DGkZMXCN17bH$FA7Vgmte2LJy7lQI/4TQCD/C2Wjs6rMonjLAP6hs1No=", "last_login": null, "is_superuser": false, "username": "q4", "first_name": "q", "last_name": "", "email": "", "is_staff": false, "is_active": false, "date_joined": "2019-08-29T19:59:09.819Z", "avatar": "", "age": 18, "genre": "", "activation_key": "d4157f8954a61b4691e4d994ebcef06704abfcb5", "activation_key_expires": "2019-08-31T19:58:36.799Z", "groups": [], "user_permissions": []}}, {"model": "authapp.shopuser", "pk": 8, "fields": {"password": "pbkdf2_sha256$150000$4ZGtrnPx1taZ$Lobt3gy6lJJYjWkXhYYz0FDYs0ptKW6/CmLvdWobAnQ=", "last_login": null, "is_superuser": false, "username": "q5", "first_name": "q", "last_name": "", "email": "", "is_staff": false, "is_active": false, "date_joined": "2019-08-29T20:45:14.014Z", "avatar": "", "age": 18, "genre": "", "activation_key": "d3cd38b4d023e43b76faf3c71b81f562674671cb", "activation_key_expires": "2019-08-31T20:41:47.483Z", "groups": [], "user_permissions": []}}, {"model": "authapp.shopuser", "pk": 9, "fields": {"password": "pbkdf2_sha256$150000$3GMhuLYbwb39$qC8+ahlmokJemY0rOaDfByIgBZPbdVhEGDKR148x4fw=", "last_login": null, "is_superuser": false, "username": "q6", "first_name": "q", "last_name": "", "email": "", "is_staff": false, "is_active": false, "date_joined": "2019-08-29T20:47:20.091Z", "avatar": "", "age": 18, "genre": "", "activation_key": "8ad5cdad247485aff0026285fe99e46679a1151d", "activation_key_expires": "2019-08-31T20:47:04.754Z", "groups": [], "user_permissions": []}}, {"model": "authapp.shopuser", "pk": 10, "fields": {"password": "pbkdf2_sha256$150000$mcz7kLzLZF3p$rQA9uzDyHxnAGrDD2MPnkMnx3ZE0zPfLBVVNRM0QKfI=", "last_login": null, "is_superuser": false, "username": "q7", "first_name": "q", "last_name": "", "email": "", "is_staff": false, "is_active": false, "date_joined": "2019-08-29T20:58:16.644Z", "avatar": "", "age": 18, "genre": "", "activation_key": "4699ae499f6ea84ccff8f1fb44e20b2aef688a63", "activation_key_expires": "2019-08-31T20:58:04.768Z", "groups": [], "user_permissions": []}}, {"model": "authapp.shopuser", "pk": 11, "fields": {"password": "pbkdf2_sha256$150000$DQzvwj8vFAn1$F8QSmqvcnzShNGEelzy6/kLyiyigRfKBL6CPzWbrvQU=", "last_login": "2019-08-29T21:43:09.906Z", "is_superuser": false, "username": "q8", "first_name": "q", "last_name": "", "email": "sdf@sfd.fd", "is_staff": false, "is_active": true, "date_joined": "2019-08-29T21:10:57.979Z", "avatar": "", "age": 18, "genre": "", "activation_key": "5c9ac606181b08b1febae986ca2074db25eba9b6", "activation_key_expires": "2019-08-31T21:06:19.950Z", "groups": [], "user_permissions": []}}, {"model": "authapp.shopuserprofile", "pk": 1, "fields": {"user": 1, "tagline": "", "aboutMe": "", "gender": ""}}, {"model": "authapp.shopuserprofile", "pk": 2, "fields": {"user": 2, "tagline": "", "aboutMe": "", "gender": "W"}}, {"model": "authapp.shopuserprofile", "pk": 3, "fields": {"user": 3, "tagline": "", "aboutMe": "", "gender": ""}}, {"model": "authapp.shopuserprofile", "pk": 4, "fields": {"user": 4, "tagline": "", "aboutMe": "", "gender": ""}}, {"model": "authapp.shopuserprofile", "pk": 5, "fields": {"user": 5, "tagline": "", "aboutMe": "", "gender": ""}}, {"model": "authapp.shopuserprofile", "pk": 6, "fields": {"user": 6, "tagline": "", "aboutMe": "", "gender": ""}}, {"model": "authapp.shopuserprofile", "pk": 7, "fields": {"user": 7, "tagline": "", "aboutMe": "", "gender": ""}}, {"model": "authapp.shopuserprofile", "pk": 8, "fields": {"user": 8, "tagline": "", "aboutMe": "", "gender": ""}}, {"model": "authapp.shopuserprofile", "pk": 9, "fields": {"user": 9, "tagline": "", "aboutMe": "", "gender": ""}}, {"model": "authapp.shopuserprofile", "pk": 10, "fields": {"user": 10, "tagline": "", "aboutMe": "", "gender": ""}}, {"model": "authapp.shopuserprofile", "pk": 11, "fields": {"user": 11, "tagline": "", "aboutMe": "", "gender": ""}}, {"model": "basketapp.basket", "pk": 1, "fields": {"user": 2, "product": 4, "quantity": 1, "add_datetime": "2019-08-28T11:57:56.235Z"}}, {"model": "basketapp.basket", "pk": 2, "fields": {"user": 2, "product": 1, "quantity": 1, "add_datetime": "2019-08-28T11:57:57.525Z"}}, {"model": "basketapp.basket", "pk": 3, "fields": {"user": 2, "product": 8, "quantity": 1, "add_datetime": "2019-08-28T11:57:58.591Z"}}, {"model": "basketapp.basket", "pk": 4, "fields": {"user": 2, "product": 2, "quantity": 2, "add_datetime": "2019-08-28T11:57:59.935Z"}}, {"model": "social_django.usersocialauth", "pk": 1, "fields": {"user": 2, "provider": "vk-oauth2", "uid": "543910546", "extra_data": "{\"auth_time\": 1566993465, \"id\": 543910546, \"expires\": 86400, \"access_token\": \"0ef7e5144c648ec472e317d20f9a27db1d9a78aa36fb69bd51851a6cda49f4378d735d4769de665116bea\", \"token_type\": null}"}}, {"model": "ordersapp.order", "pk": 1, "fields": {"user": 1, "created": "2019-08-29T19:26:01.346Z", "updated": "2019-08-29T19:28:23.709Z", "status": "FM", "is_active": false}}, {"model": "ordersapp.order", "pk": 2, "fields": {"user": 1, "created": "2019-08-29T19:28:16.520Z", "updated": "2019-08-29T19:28:29.199Z", "status": "STP", "is_active": true}}, {"model": "ordersapp.order", "pk": 3, "fields": {"user": 1, "created": "2019-08-29T19:28:38.968Z", "updated": "2019-08-29T19:28:52.924Z", "status": "FM", "is_active": true}}, {"model": "ordersapp.order", "pk": 4, "fields": {"user": 1, "created": "2019-08-29T21:31:15.437Z", "updated": "2019-09-03T12:38:53.389Z", "status": "FM", "is_active": true}}, {"model": "ordersapp.order", "pk": 5, "fields": {"user": 1, "created": "2019-09-03T12:42:59.086Z", "updated": "2019-09-03T17:27:11.711Z", "status": "FM", "is_active": false}}, {"model": "ordersapp.order", "pk": 6, "fields": {"user": 1, "created": "2019-09-03T12:43:44.044Z", "updated": "2019-09-03T17:11:27.739Z", "status": "STP", "is_active": true}}, {"model": "ordersapp.orderitem", "pk": 1, "fields": {"order": 1, "product": 3, "quantity": 4}}, {"model": "ordersapp.orderitem", "pk": 2, "fields": {"order": 1, "product": 4, "quantity": 1}}, {"model": "ordersapp.orderitem", "pk": 3, "fields": {"order": 2, "product": 4, "quantity": 3}}, {"model": "ordersapp.orderitem", "pk": 4, "fields": {"order": 3, "product": 5, "quantity": 3}}, {"model": "ordersapp.orderitem", "pk": 6, "fields": {"order": 4, "product": 4, "quantity": 6}}, {"model": "ordersapp.orderitem", "pk": 14, "fields": {"order": 4, "product": 3, "quantity": 6}}, {"model": "ordersapp.orderitem", "pk": 15, "fields": {"order": 4, "product": 5, "quantity": 5}}, {"model": "ordersapp.orderitem", "pk": 18, "fields": {"order": 5, "product": 3, "quantity": 5}}, {"model": "ordersapp.orderitem", "pk": 19, "fields": {"order": 5, "product": 4, "quantity": 2}}, {"model": "ordersapp.orderitem", "pk": 20, "fields": {"order": 5, "product": 1, "quantity": 1}}, {"model": "ordersapp.orderitem", "pk": 21, "fields": {"order": 5, "product": 5, "quantity": 1}}, {"model": "ordersapp.orderitem", "pk": 23, "fields": {"order": 6, "product": 3, "quantity": 2}}, {"model": "ordersapp.orderitem", "pk": 24, "fields": {"order": 6, "product": 3, "quantity": 3}}, {"model": "ordersapp.orderitem", "pk": 26, "fields": {"order": 5, "product": 7, "quantity": 4}}, {"model": "ordersapp.orderitem", "pk": 27, "fields": {"order": 5, "product": 2, "quantity": 12}}]